{"RentalCars":[{"Id":101,"Name":"Equinox","Brand":"Chevrolet","Color":"Grey","Cost":130,"Url":"http://www.chevrolet.com/suvs/equinox-compact-suv"}, {"Id":102,"Name":"Focus","Brand":"Ford","Color":"White","Cost":80,"Url":"https://www.ford.com/cars/focus/?gnav=header-all-vehicles"},{"Id":103,"Name":"Cherokee","Brand":"Jeep","Color":"Grey","Cost":150,"Url":"https://www.jeep.com/cherokee.html"},{"Id":104,"Name":"Corolla","Brand":"Toyota","Color":"Black","Cost":90,"Url":"https://www.toyota.com/corolla/"},{"Id":105,"Name":"Accord","Brand":"Honda","Color":"White","Cost":85,"Url":"https://automobiles.honda.com/accord-sedan"}]}